D1AQV5,F2JMS5,0.8467
D1AQV5,R4K5L5,0.8442
D1AQV5,Q5HRU5,0.8397
D1AQV5,E7FWJ1,0.8253
D1AQV5,D5E196,0.8235
D1AQV5,D8GN82,0.821
D1AQV5,G8M2C4,0.8084
D1AQV5,E3H8J3,0.8061
D1AQV5,Q3A9G5,0.8059
D1AQV5,F3YBU0,0.8046
D1AQV5,Q832Y6,0.7975
D1AQV5,D6Y159,0.7955
D1AQV5,I6RY47,0.7917
D1AQV5,E6U996,0.7849
D1AQV5,Q5NFU5,0.7799
D1AQV5,Q9A1E3,0.7722
D1AQV5,Q03Z27,0.7219
D1AQV5,Q1QVQ7,0.7128
D1AQV5,P30750,0.69
D1AQV5,Q67SV5,0.675
D1AQV5,Q1WVG9,0.6732
D1AQV5,D1C3T7,0.6313
D1AQV5,Q2KVK2,0.6307
D1AQV5,D5WQP9,0.6169
D1AQV5,Q6NJ07,0.5657
D1AQV5,F4H3C5,0.5531
D1AQV5,D6YBR0,0.5279
D1AQV5,Q6AE21,0.52
A9HPJ7,C5BX09,0.5339
A9HPJ7,F8A315,0.529
A9HPJ7,D6YBR0,0.5
A9HPJ7,Q2KVK2,0.4967
A9HPJ7,F4H3C5,0.4966
A9HPJ7,Q1DDP4,0.485
A9HPJ7,D7AZF7,0.4847
A9HPJ7,Q87UV4,0.4831
A9HPJ7,D1C3T7,0.4475
A9HPJ7,D5WQP9,0.4426
A9HPJ7,Q1QVQ7,0.442
A9HPJ7,D6Y159,0.4326
A9HPJ7,Q5NFU5,0.4323
A9HPJ7,C7QZS1,0.4317
A9HPJ7,Q67SV5,0.4271
A9HPJ7,P30750,0.4061
A0A1G7ZUL8,Q6NJ07,0.854
A0A1G7ZUL8,F8A315,0.8529
A0A1G7ZUL8,F4H3C5,0.8298
A0A1G7ZUL8,Q6AE21,0.7826
A0A1G7ZUL8,C7QZS1,0.7778
A0A1G7ZUL8,A6WE76,0.7442
A0A1G7ZUL8,B1MCB1,0.7442
A0A1G7ZUL8,C3PL90,0.7348
A0A1G7ZUL8,D5UYG6,0.7214
A0A1G7ZUL8,C7MYD4,0.7109
A0A1G7ZUL8,B0RHJ7,0.6589
A0A1G7ZUL8,C5BX09,0.6444
A0A1G7ZUL8,A0ABV0IAR9,0.6215
A0A1G7ZUL8,E6U996,0.6124
A0A1G7ZUL8,A0A2S5CXQ6,0.5946
A0A1G7ZUL8,A0AAJ3IX34,0.5936
A0A1G7ZUL8,Q5HRU5,0.5893
A0A1G7ZUL8,Q3A9G5,0.5769
A0A1G7ZUL8,B0S2Z2,0.5767
A0A1G7ZUL8,A0AB74VA86,0.5667
A0A1G7ZUL8,D7AZF7,0.5635
A0A1G7ZUL8,D6Y159,0.5579
A0A1G7ZUL8,Q1DDP4,0.5538
A0A1G7ZUL8,F2JMS5,0.5482
A0A1G7ZUL8,F3YBU0,0.5474
A0A1G7ZUL8,D1AQV5,0.5402
A0A1G7ZUL8,Q67SV5,0.5366
A0A1G7ZUL8,D8GN82,0.5363
A0A1G7ZUL8,A0ABX5B8L5,0.5291
A0A1G7ZUL8,D6YBR0,0.5272
A0A1G7ZUL8,G8M2C4,0.5243
A0A1G7ZUL8,P30750,0.5215
A0A1G7ZUL8,A0ABS2FXE7,0.5185
A0A1G7ZUL8,A0A2H6CRZ9,0.516
A0A1G7ZUL8,Q1QVQ7,0.51
A0A1G7ZUL8,D1C3T7,0.5075
A0A1G7ZUL8,A9HPJ7,0.5
A0A1G7ZUL8,A0ABM9PYK4,0.4924
A0A1G7ZUL8,D7BP77,0.481
A0A1G7ZUL8,A0A561WA08,0.4716
A0A1G7ZUL8,Q87UV4,0.3206
F2JMS5,R4K5L5,0.8699
F2JMS5,Q832Y6,0.8322
F2JMS5,Q5NFU5,0.8255
F2JMS5,Q9A1E3,0.8176
F2JMS5,Q03Z27,0.8175
F2JMS5,I6RY47,0.8125
F2JMS5,G8M2C4,0.7963
F2JMS5,Q3A9G5,0.7939
F2JMS5,F3YBU0,0.7719
F2JMS5,Q1WVG9,0.7254
F2JMS5,Q67SV5,0.6701
F2JMS5,P30750,0.6684
F2JMS5,Q1DDP4,0.5936
F2JMS5,F4H3C5,0.5893
F2JMS5,Q6NJ07,0.5843
F2JMS5,F8A315,0.5536
Q1QVQ7,Q67SV5,0.8827
Q1QVQ7,Q3A9G5,0.7947
Q1QVQ7,Q2KVK2,0.7446
Q1QVQ7,Q9A1E3,0.7348
Q1QVQ7,Q832Y6,0.7283
Q1QVQ7,R4K5L5,0.7283
Q1QVQ7,Q5NFU5,0.7228
Q1QVQ7,Q5HRU5,0.7166
Q1QVQ7,Q1WVG9,0.6111
Q1QVQ7,Q6AE21,0.5
Q1QVQ7,Q87UV4,0.2753
A0ABM9PYK4,D1C3T7,0.8564
A0ABM9PYK4,A0ABS2FXE7,0.8398
A0ABM9PYK4,D5WQP9,0.8377
A0ABM9PYK4,Q67SV5,0.8325
A0ABM9PYK4,Q1QVQ7,0.8316
A0ABM9PYK4,Q1DDP4,0.8108
A0ABM9PYK4,P30750,0.802
A0ABM9PYK4,D7AZF7,0.7784
A0ABM9PYK4,D6YBR0,0.7676
A0ABM9PYK4,D6Y159,0.7538
A0ABM9PYK4,E7FWJ1,0.75
A0ABM9PYK4,I6RY47,0.7487
A0ABM9PYK4,Q2KVK2,0.7389
A0ABM9PYK4,D1AK61,0.7368
A0ABM9PYK4,F3YBU0,0.7172
A0ABM9PYK4,E3H8J3,0.7143
A0ABM9PYK4,G8M2C4,0.7083
A0ABM9PYK4,E6U996,0.699
A0ABM9PYK4,A0ABX5B8L5,0.6978
A0ABM9PYK4,Q3A9G5,0.6904
A0ABM9PYK4,Q832Y6,0.6848
A0ABM9PYK4,D8GN82,0.6806
A0ABM9PYK4,Q5NFU5,0.6703
A0ABM9PYK4,R4K5L5,0.6578
A0ABM9PYK4,Q03Z27,0.6343
A0ABM9PYK4,B0S2Z2,0.629
A0ABM9PYK4,D7BP77,0.6185
A0ABM9PYK4,Q1WVG9,0.5932
A0ABM9PYK4,L0E9L4,0.5805
A0ABM9PYK4,F4H3C5,0.5431
A0ABM9PYK4,F8A315,0.5204
A0ABM9PYK4,Q6AE21,0.4898
A0ABM9PYK4,A9HPJ7,0.4375
A0ABM9PYK4,A6WE76,0.3969
A0ABM9PYK4,B1MCB1,0.3756
A0ABM9PYK4,C7MYD4,0.3452
D5WQP9,Q67SV5,0.8507
D5WQP9,P30750,0.8473
D5WQP9,Q1DDP4,0.8307
D5WQP9,Q1QVQ7,0.8223
D5WQP9,Q2KVK2,0.7802
D5WQP9,D7AZF7,0.7801
D5WQP9,D6YBR0,0.7696
D5WQP9,E7FWJ1,0.7526
D5WQP9,D6Y159,0.7475
D5WQP9,I6RY47,0.7423
D5WQP9,F3YBU0,0.7291
D5WQP9,E6U996,0.7286
D5WQP9,Q3A9G5,0.7114
D5WQP9,E3H8J3,0.7005
D5WQP9,G8M2C4,0.6866
D5WQP9,Q9A1E3,0.6862
D5WQP9,Q832Y6,0.6806
D5WQP9,D8GN82,0.6683
D5WQP9,Q5NFU5,0.6495
D5WQP9,R4K5L5,0.6462
D5WQP9,F2JMS5,0.644
D5WQP9,F4H3C5,0.5829
D5WQP9,D7BP77,0.5561
D5WQP9,L0E9L4,0.5543
D5WQP9,Q6NJ07,0.5473
D5WQP9,F8A315,0.545
D5WQP9,Q6AE21,0.5303
D5WQP9,Q87UV4,0.2568
D6Y159,F3YBU0,0.8895
D6Y159,E7FWJ1,0.8701
D6Y159,Q3A9G5,0.8611
D6Y159,E6U996,0.8611
D6Y159,I6RY47,0.8483
D6Y159,G8M2C4,0.8436
D6Y159,E3H8J3,0.8418
D6Y159,D8GN82,0.8352
D6Y159,Q67SV5,0.8241
D6Y159,P30750,0.8119
D6Y159,Q1QVQ7,0.8041
D6Y159,Q832Y6,0.8035
D6Y159,Q5HRU5,0.8
D6Y159,R4K5L5,0.7931
D6Y159,Q5NFU5,0.7874
D6Y159,Q9A1E3,0.7701
D6Y159,F2JMS5,0.763
D6Y159,Q2KVK2,0.7027
D6Y159,Q1DDP4,0.702
D6Y159,Q03Z27,0.6744
D6Y159,D7AZF7,0.6468
D6Y159,Q1WVG9,0.6322
D6Y159,D6YBR0,0.6287
D6Y159,F4H3C5,0.5938
D6Y159,Q6NJ07,0.5895
D6Y159,F8A315,0.5789
D6Y159,Q6AE21,0.5393
D6Y159,L0E9L4,0.522
F8A315,Q6NJ07,0.8042
F8A315,Q6AE21,0.7483
F8A315,Q1DDP4,0.5838
F8A315,Q3A9G5,0.5815
F8A315,Q9A1E3,0.5621
F8A315,Q67SV5,0.5561
F8A315,Q2KVK2,0.5486
F8A315,P30750,0.5407
F8A315,Q03Z27,0.5346
F8A315,I6RY47,0.5323
F8A315,Q1QVQ7,0.53
F8A315,Q1WVG9,0.519
F8A315,Q87UV4,0.3308
F3YBU0,Q3A9G5,0.892
F3YBU0,G8M2C4,0.8743
F3YBU0,I6RY47,0.858
F3YBU0,P30750,0.82
F3YBU0,Q832Y6,0.8129
F3YBU0,R4K5L5,0.8129
F3YBU0,Q5HRU5,0.8092
F3YBU0,Q1QVQ7,0.7938
F3YBU0,Q67SV5,0.7871
F3YBU0,Q5NFU5,0.7861
F3YBU0,Q9A1E3,0.7586
F3YBU0,Q03Z27,0.6725
F3YBU0,Q1DDP4,0.6667
F3YBU0,Q2KVK2,0.6649
F3YBU0,Q1WVG9,0.6395
F3YBU0,Q6NJ07,0.5873
F3YBU0,F4H3C5,0.5833
F3YBU0,F8A315,0.5602
F3YBU0,Q6AE21,0.5532
D8GN82,G8M2C4,0.8841
D8GN82,R4K5L5,0.8654
D8GN82,F3YBU0,0.8555
D8GN82,Q5HRU5,0.8491
D8GN82,Q3A9G5,0.8471
D8GN82,E6U996,0.8363
D8GN82,E7FWJ1,0.8343
D8GN82,F2JMS5,0.8323
D8GN82,Q5NFU5,0.8239
D8GN82,I6RY47,0.8118
D8GN82,Q832Y6,0.8075
D8GN82,E3H8J3,0.8047
D8GN82,Q9A1E3,0.7826
D8GN82,Q1QVQ7,0.7784
D8GN82,P30750,0.7602
D8GN82,Q67SV5,0.7538
D8GN82,Q03Z27,0.7226
D8GN82,Q1WVG9,0.6646
D8GN82,Q2KVK2,0.661
D8GN82,Q6NJ07,0.5876
D8GN82,F4H3C5,0.5746
D8GN82,F8A315,0.5414
G8M2C4,Q3A9G5,0.8772
G8M2C4,R4K5L5,0.8625
G8M2C4,Q832Y6,0.8509
G8M2C4,I6RY47,0.8421
G8M2C4,Q5HRU5,0.8133
G8M2C4,Q5NFU5,0.811
G8M2C4,Q1QVQ7,0.8065
G8M2C4,Q9A1E3,0.8037
G8M2C4,P30750,0.7688
G8M2C4,Q67SV5,0.7626
G8M2C4,Q03Z27,0.7019
G8M2C4,Q2KVK2,0.6816
G8M2C4,Q1WVG9,0.6667
G8M2C4,Q1DDP4,0.6564
G8M2C4,Q6NJ07,0.5652
G8M2C4,L0E9L4,0.538
G8M2C4,Q6AE21,0.5217
C3PL90,Q6NJ07,0.7537
C3PL90,C7MYD4,0.6949
C3PL90,Q6AE21,0.6815
C3PL90,F8A315,0.6763
C3PL90,F4H3C5,0.6713
C3PL90,C7QZS1,0.6617
C3PL90,D5UYG6,0.5971
C3PL90,C5BX09,0.5859
C3PL90,E6U996,0.5314
C3PL90,Q5HRU5,0.5122
C3PL90,D6Y159,0.4656
C3PL90,F3YBU0,0.4628
C3PL90,D6YBR0,0.4556
C3PL90,F2JMS5,0.4512
C3PL90,D7AZF7,0.4505
C3PL90,E7FWJ1,0.4426
C3PL90,I6RY47,0.4396
C3PL90,P30750,0.4375
C3PL90,D1AQV5,0.431
C3PL90,D1C3T7,0.42
E3H8J3,E7FWJ1,0.8743
E3H8J3,R4K5L5,0.8608
E3H8J3,I6RY47,0.8512
E3H8J3,G8M2C4,0.8462
E3H8J3,Q5NFU5,0.8428
E3H8J3,F3YBU0,0.8409
E3H8J3,Q832Y6,0.8375
E3H8J3,Q3A9G5,0.8218
E3H8J3,F2JMS5,0.7826
E3H8J3,Q9A1E3,0.7791
E3H8J3,Q1QVQ7,0.7754
E3H8J3,E6U996,0.7611
E3H8J3,P30750,0.7487
E3H8J3,Q67SV5,0.7424
E3H8J3,Q5HRU5,0.7368
E3H8J3,Q03Z27,0.6981
E3H8J3,Q1WVG9,0.673
E3H8J3,Q1DDP4,0.6276
E3H8J3,Q6AE21,0.4681
Q03Z27,Q9A1E3,0.8261
Q03Z27,Q1WVG9,0.7812
Q03Z27,Q832Y6,0.7655
Q03Z27,R4K5L5,0.7534
Q03Z27,Q5NFU5,0.723
Q03Z27,Q5HRU5,0.7039
Q03Z27,Q3A9G5,0.6909
Q03Z27,Q1QVQ7,0.6333
Q03Z27,Q67SV5,0.5907
D1C3T7,Q67SV5,0.8782
D1C3T7,D5WQP9,0.8653
D1C3T7,P30750,0.8374
D1C3T7,Q1QVQ7,0.8308
D1C3T7,Q1DDP4,0.8298
D1C3T7,D7AZF7,0.8075
D1C3T7,D6YBR0,0.7872
D1C3T7,D6Y159,0.7817
D1C3T7,Q2KVK2,0.7596
D1C3T7,I6RY47,0.7592
D1C3T7,G8M2C4,0.7461
D1C3T7,Q3A9G5,0.7449
D1C3T7,E7FWJ1,0.7423
D1C3T7,F3YBU0,0.7363
D1C3T7,D8GN82,0.7277
D1C3T7,E3H8J3,0.7254
D1C3T7,E6U996,0.7186
D1C3T7,Q5NFU5,0.6915
D1C3T7,Q832Y6,0.6878
D1C3T7,Q9A1E3,0.6845
D1C3T7,R4K5L5,0.6789
D1C3T7,F2JMS5,0.6774
D1C3T7,D5E196,0.6702
D1C3T7,Q5HRU5,0.6684
D1C3T7,Q03Z27,0.612
D1C3T7,D7BP77,0.5879
D1C3T7,Q1WVG9,0.5815
D1C3T7,L0E9L4,0.5604
D1C3T7,F4H3C5,0.5495
D1C3T7,Q6NJ07,0.5297
D1C3T7,F8A315,0.5198
D1C3T7,Q6AE21,0.4975
D1C3T7,D5UYG6,0.4653
D1C3T7,Q87UV4,0.2667
P30750,Q67SV5,0.9154
P30750,Q1QVQ7,0.898
P30750,Q1DDP4,0.7772
P30750,Q3A9G5,0.7761
P30750,Q2KVK2,0.7107
P30750,Q832Y6,0.7041
P30750,Q5HRU5,0.702
P30750,Q5NFU5,0.699
P30750,R4K5L5,0.6954
P30750,Q9A1E3,0.6923
P30750,Q03Z27,0.5897
P30750,Q6NJ07,0.5502
P30750,Q6AE21,0.512
P30750,Q87UV4,0.2526
Q1WVG9,Q9A1E3,0.7714
Q1WVG9,Q832Y6,0.75
Q1WVG9,R4K5L5,0.726
Q1WVG9,Q3A9G5,0.6467
Q1WVG9,Q67SV5,0.5538
D5E196,Q5NFU5,0.8767
D5E196,R4K5L5,0.8707
D5E196,E3H8J3,0.8526
D5E196,Q832Y6,0.8333
D5E196,G8M2C4,0.8199
D5E196,F2JMS5,0.8108
D5E196,D8GN82,0.8101
D5E196,Q3A9G5,0.8061
D5E196,E7FWJ1,0.7927
D5E196,I6RY47,0.7805
D5E196,D6Y159,0.7746
D5E196,Q5HRU5,0.7707
D5E196,F3YBU0,0.763
D5E196,E6U996,0.7326
D5E196,P30750,0.6701
D5E196,Q2KVK2,0.6647
D5E196,Q67SV5,0.6633
D5E196,D5WQP9,0.6289
D5E196,D7AZF7,0.5806
D5E196,Q1DDP4,0.5707
D5E196,D6YBR0,0.5368
D5E196,Q6AE21,0.4942
A0A0X2NJD4,Q6NJ07,0.8175
A0A0X2NJD4,A0A1G7ZUL8,0.8
A0A0X2NJD4,C3PL90,0.7638
A0A0X2NJD4,Q6AE21,0.7464
A0A0X2NJD4,C7MYD4,0.7398
A0A0X2NJD4,F4H3C5,0.7329
A0A0X2NJD4,B1MCB1,0.7323
A0A0X2NJD4,F8A315,0.7153
A0A0X2NJD4,C7QZS1,0.6786
A0A0X2NJD4,A6WE76,0.6541
A0A0X2NJD4,D5UYG6,0.6503
A0A0X2NJD4,B0RHJ7,0.6457
A0A0X2NJD4,C5BX09,0.6074
A0A0X2NJD4,E6U996,0.5932
A0A0X2NJD4,A0ABV0IAR9,0.5843
A0A0X2NJD4,Q5HRU5,0.5783
A0A0X2NJD4,A0A2S5CXQ6,0.5761
A0A0X2NJD4,A0AAJ3IX34,0.5753
A0A0X2NJD4,Q3A9G5,0.5495
A0A0X2NJD4,A0AB74VA86,0.5389
A0A0X2NJD4,F3YBU0,0.5372
A0A0X2NJD4,B0S2Z2,0.5273
A0A0X2NJD4,D6Y159,0.5236
A0A0X2NJD4,A0ABX5B8L5,0.5
A0A0X2NJD4,Q67SV5,0.4976
A0A0X2NJD4,P30750,0.4976
A0A0X2NJD4,E7FWJ1,0.4946
A0A0X2NJD4,D1AQV5,0.4943
A0A0X2NJD4,D5WQP9,0.4925
A0A0X2NJD4,Q832Y6,0.4885
A0A0X2NJD4,D1AK61,0.4684
A0A0X2NJD4,D6YBR0,0.4681
A0A0X2NJD4,D1C3T7,0.468
A0A0X2NJD4,A0ABM9PYK4,0.4523
A0A0X2NJD4,A0A561WA08,0.388
Q5HRU5,Q832Y6,0.7688
Q5HRU5,Q5NFU5,0.7625
Q5HRU5,Q9A1E3,0.7222
Q5HRU5,Q67SV5,0.7041
Q5HRU5,Q6NJ07,0.6545
Q5HRU5,Q6AE21,0.5774
A0A833CGA5,D5E196,0.8201
A0A833CGA5,C7RFR4,0.8169
A0A833CGA5,R4K5L5,0.8169
A0A833CGA5,Q832Y6,0.8042
A0A833CGA5,Q5NFU5,0.7972
A0A833CGA5,A0ABX5B8L5,0.7972
A0A833CGA5,D1AQV5,0.7823
A0A833CGA5,Q03Z27,0.7727
A0A833CGA5,Q1WVG9,0.7692
A0A833CGA5,E3H8J3,0.7548
A0A833CGA5,Q9A1E3,0.7517
A0A833CGA5,I6RY47,0.7405
A0A833CGA5,D1AK61,0.7375
A0A833CGA5,G8M2C4,0.7358
A0A833CGA5,A0AB74VA86,0.7358
A0A833CGA5,D8GN82,0.7355
A0A833CGA5,E7FWJ1,0.7205
A0A833CGA5,Q3A9G5,0.703
A0A833CGA5,F3YBU0,0.6941
A0A833CGA5,E6U996,0.6826
A0A833CGA5,D6Y159,0.6763
A0A833CGA5,A0AAJ3IX34,0.6686
A0A833CGA5,Q67SV5,0.5928
A0A833CGA5,P30750,0.5918
A0A833CGA5,D1C3T7,0.5882
A0A833CGA5,D6YBR0,0.4865
E7FWJ1,I6RY47,0.8922
E7FWJ1,F3YBU0,0.8908
E7FWJ1,Q832Y6,0.8571
E7FWJ1,G8M2C4,0.843
E7FWJ1,R4K5L5,0.8344
E7FWJ1,Q3A9G5,0.8295
E7FWJ1,F2JMS5,0.825
E7FWJ1,Q5NFU5,0.8061
E7FWJ1,Q9A1E3,0.7988
E7FWJ1,Q5HRU5,0.7976
E7FWJ1,Q1QVQ7,0.7926
E7FWJ1,P30750,0.7919
E7FWJ1,Q67SV5,0.7677
E7FWJ1,Q03Z27,0.7188
E7FWJ1,Q2KVK2,0.7159
E7FWJ1,Q1WVG9,0.6937
E7FWJ1,Q1DDP4,0.6615
E7FWJ1,Q6NJ07,0.5707
E7FWJ1,F4H3C5,0.5503
E7FWJ1,F8A315,0.5348
E7FWJ1,Q6AE21,0.5189
C5BX09,F8A315,0.6618
C5BX09,Q6AE21,0.6541
C5BX09,F4H3C5,0.6454
C5BX09,C7MYD4,0.6083
C5BX09,Q6NJ07,0.6056
C5BX09,D5UYG6,0.5926
C5BX09,C7QZS1,0.5852
C5BX09,Q1DDP4,0.4611
C5BX09,E6U996,0.4581
C5BX09,D6YBR0,0.4489
C5BX09,D7AZF7,0.4438
C5BX09,Q3A9G5,0.4341
C5BX09,Q67SV5,0.4307
C5BX09,D5WQP9,0.4235
C5BX09,P30750,0.4175
C5BX09,Q87UV4,0.4135
C5BX09,F3YBU0,0.4105
C5BX09,Q1QVQ7,0.401
C5BX09,D1C3T7,0.399
Q2KVK2,Q67SV5,0.7306
Q2KVK2,Q3A9G5,0.7
Q2KVK2,Q832Y6,0.6946
Q2KVK2,Q5NFU5,0.6886
Q2KVK2,R4K5L5,0.6647
Q2KVK2,Q6AE21,0.5143
Q9A1E3,R4K5L5,0.8039
C7RFR4,Q832Y6,0.8919
C7RFR4,R4K5L5,0.8792
C7RFR4,D1AK61,0.8634
C7RFR4,Q5NFU5,0.86
C7RFR4,D5E196,0.8581
C7RFR4,F2JMS5,0.8571
C7RFR4,E3H8J3,0.8491
C7RFR4,D1AQV5,0.8442
C7RFR4,E7FWJ1,0.8344
C7RFR4,G8M2C4,0.8282
C7RFR4,D8GN82,0.8187
C7RFR4,Q9A1E3,0.8158
C7RFR4,Q3A9G5,0.8144
C7RFR4,I6RY47,0.811
C7RFR4,F3YBU0,0.8023
C7RFR4,Q03Z27,0.7778
C7RFR4,D6Y159,0.7727
C7RFR4,Q5HRU5,0.7578
C7RFR4,E6U996,0.7514
C7RFR4,Q1WVG9,0.7379
C7RFR4,Q1QVQ7,0.7189
C7RFR4,P30750,0.6954
C7RFR4,Q2KVK2,0.6845
C7RFR4,Q67SV5,0.6633
C7RFR4,D1C3T7,0.6528
C7RFR4,D5WQP9,0.6462
C7RFR4,D7AZF7,0.5573
C7RFR4,D6YBR0,0.5389
A0A0H3CBF3,F8A315,0.698
A0A0H3CBF3,F4H3C5,0.6818
A0A0H3CBF3,Q1DDP4,0.6763
A0A0H3CBF3,A0A1G7ZUL8,0.6711
A0A0H3CBF3,D7AZF7,0.6706
A0A0H3CBF3,Q6NJ07,0.6558
A0A0H3CBF3,D6YBR0,0.6491
A0A0H3CBF3,Q6AE21,0.6467
A0A0H3CBF3,Q2KVK2,0.6442
A0A0H3CBF3,L0E9L4,0.6429
A0A0H3CBF3,D5WQP9,0.6364
A0A0H3CBF3,E6U996,0.6271
A0A0H3CBF3,A0A2S5CXQ6,0.6175
A0A0H3CBF3,C7QZS1,0.6174
A0A0H3CBF3,A0A561WA08,0.6149
A0A0H3CBF3,A0A1W6WGH8,0.6145
A0A0H3CBF3,A6WE76,0.6143
A0A0H3CBF3,Q67SV5,0.6122
A0A0H3CBF3,P30750,0.6111
A0A0H3CBF3,D6Y159,0.6054
A0A0H3CBF3,Q1QVQ7,0.6032
A0A0H3CBF3,D5UYG6,0.6026
A0A0H3CBF3,I6RY47,0.6023
A0A0H3CBF3,D1C3T7,0.6
A0A0H3CBF3,A0ABS2FXE7,0.6
A0A0H3CBF3,D7BP77,0.5986
A0A0H3CBF3,A0A2H6CRZ9,0.5978
A0A0H3CBF3,A0A0X2NJD4,0.5948
A0A0H3CBF3,Q3A9G5,0.5912
A0A0H3CBF3,A0AAJ3IX34,0.5904
A0A0H3CBF3,E7FWJ1,0.5866
A0A0H3CBF3,F3YBU0,0.586
A0A0H3CBF3,A0ABM9PYK4,0.586
A0A0H3CBF3,C5BX09,0.5816
A0A0H3CBF3,Q5HRU5,0.5765
A0A0H3CBF3,A0ABV0IAR9,0.5738
A0A0H3CBF3,Q9A1E3,0.5723
A0A0H3CBF3,D8GN82,0.5682
A0A0H3CBF3,F2JMS5,0.5636
A0A0H3CBF3,A0AB74VA86,0.5635
A0A0H3CBF3,G8M2C4,0.5635
A0A0H3CBF3,B0S2Z2,0.5542
A0A0H3CBF3,A9HPJ7,0.5522
A0A0H3CBF3,D1AQV5,0.546
A0A0H3CBF3,C3PL90,0.5436
A0A0H3CBF3,E3H8J3,0.5414
A0A0H3CBF3,Q832Y6,0.5407
A0A0H3CBF3,D1AK61,0.5405
A0A0H3CBF3,Q1WVG9,0.539
A0A0H3CBF3,Q03Z27,0.535
A0A0H3CBF3,Q5NFU5,0.5349
A0A0H3CBF3,B1MCB1,0.527
A0A0H3CBF3,R4K5L5,0.523
A0A0H3CBF3,D5E196,0.5205
A0A0H3CBF3,C7MYD4,0.5172
A0A0H3CBF3,C7RFR4,0.5143
A0A0H3CBF3,B0RHJ7,0.4828
A0A0H3CBF3,A0A833CGA5,0.4727
B1MCB1,Q6NJ07,0.7111
B1MCB1,F8A315,0.6963
B1MCB1,Q6AE21,0.6894
B1MCB1,C7QZS1,0.6822
B1MCB1,C3PL90,0.6748
B1MCB1,C7MYD4,0.661
B1MCB1,F4H3C5,0.6549
B1MCB1,D5UYG6,0.6029
B1MCB1,C5BX09,0.592
B1MCB1,E6U996,0.4915
B1MCB1,Q5HRU5,0.4611
B1MCB1,Q3A9G5,0.4505
B1MCB1,F3YBU0,0.4415
B1MCB1,Q1DDP4,0.4378
B1MCB1,D6Y159,0.4368
B1MCB1,D6YBR0,0.4333
B1MCB1,D7AZF7,0.4286
B1MCB1,Q67SV5,0.4175
B1MCB1,D8GN82,0.4157
B1MCB1,P30750,0.4115
B1MCB1,G8M2C4,0.4076
B1MCB1,E7FWJ1,0.4054
B1MCB1,D5WQP9,0.403
B1MCB1,L0E9L4,0.4014
B1MCB1,Q1QVQ7,0.395
B1MCB1,D1C3T7,0.3861
B1MCB1,Q03Z27,0.3734
B1MCB1,D7BP77,0.3526
B1MCB1,Q1WVG9,0.3481
A0AB74VA86,D8GN82,0.8957
A0AB74VA86,A0ABV0IAR9,0.8882
A0AB74VA86,G8M2C4,0.8698
A0AB74VA86,Q5HRU5,0.8696
A0AB74VA86,Q3A9G5,0.8663
A0AB74VA86,E6U996,0.8663
A0AB74VA86,D6Y159,0.8644
A0AB74VA86,D1AQV5,0.8642
A0AB74VA86,F3YBU0,0.8636
A0AB74VA86,R4K5L5,0.8625
A0AB74VA86,E7FWJ1,0.8538
A0AB74VA86,D1AK61,0.8488
A0AB74VA86,A0ABX5B8L5,0.8447
A0AB74VA86,F2JMS5,0.8302
A0AB74VA86,E3H8J3,0.8246
A0AB74VA86,I6RY47,0.8208
A0AB74VA86,D5E196,0.8199
A0AB74VA86,B0S2Z2,0.8187
A0AB74VA86,C7RFR4,0.8061
A0AB74VA86,Q5NFU5,0.8
A0AB74VA86,Q832Y6,0.7952
A0AB74VA86,Q9A1E3,0.7818
A0AB74VA86,P30750,0.7778
A0AB74VA86,Q1QVQ7,0.75
A0AB74VA86,Q67SV5,0.745
A0AB74VA86,A0ABS2FXE7,0.7258
A0AB74VA86,Q03Z27,0.7233
A0AB74VA86,D1C3T7,0.702
A0AB74VA86,A0ABM9PYK4,0.6735
A0AB74VA86,Q1WVG9,0.6564
A0AB74VA86,D5WQP9,0.6537
A0AB74VA86,Q6NJ07,0.618
A0AB74VA86,Q1DDP4,0.599
A0AB74VA86,F4H3C5,0.587
A0AB74VA86,D7AZF7,0.585
A0AB74VA86,F8A315,0.5628
A0AB74VA86,Q6AE21,0.5556
A0AB74VA86,D6YBR0,0.5517
A0AB74VA86,C7QZS1,0.5393
A0AB74VA86,C3PL90,0.4859
A0AB74VA86,D5UYG6,0.4628
A0AB74VA86,B1MCB1,0.4389
A0AB74VA86,A6WE76,0.4309
A0AB74VA86,C7MYD4,0.4134
A0AB74VA86,B0RHJ7,0.3778
B0RHJ7,B1MCB1,0.7364
B0RHJ7,Q6AE21,0.6693
B0RHJ7,C7MYD4,0.6667
B0RHJ7,C5BX09,0.6637
B0RHJ7,Q6NJ07,0.6541
B0RHJ7,C7QZS1,0.648
B0RHJ7,F8A315,0.6391
B0RHJ7,D5UYG6,0.6172
B0RHJ7,F4H3C5,0.6
B0RHJ7,C3PL90,0.5984
B0RHJ7,E6U996,0.4294
B0RHJ7,Q3A9G5,0.3978
B0RHJ7,Q5HRU5,0.3952
B0RHJ7,Q1DDP4,0.3934
B0RHJ7,D7AZF7,0.3911
B0RHJ7,D6YBR0,0.3799
B0RHJ7,D6Y159,0.3717
B0RHJ7,Q67SV5,0.3707
B0RHJ7,F3YBU0,0.3684
B0RHJ7,P30750,0.3589
B0RHJ7,Q2KVK2,0.3547
B0RHJ7,D8GN82,0.3539
B0RHJ7,G8M2C4,0.3405
B0RHJ7,Q1QVQ7,0.34
B0RHJ7,D1C3T7,0.3383
B0RHJ7,D7BP77,0.3072
B0RHJ7,Q87UV4,0.2991
C7MYD4,Q6AE21,0.7087
C7MYD4,F8A315,0.6894
C7MYD4,F4H3C5,0.6838
C7MYD4,Q6NJ07,0.6791
C7MYD4,D5UYG6,0.6693
C7MYD4,C7QZS1,0.6614
C7MYD4,E6U996,0.4743
C7MYD4,Q5HRU5,0.4424
C7MYD4,Q3A9G5,0.4254
C7MYD4,D7AZF7,0.4111
C7MYD4,F3YBU0,0.4096
C7MYD4,D8GN82,0.4057
C7MYD4,Q1DDP4,0.4054
C7MYD4,D6Y159,0.4053
C7MYD4,Q67SV5,0.3951
C7MYD4,D6YBR0,0.3923
C7MYD4,D5WQP9,0.3869
C7MYD4,P30750,0.3828
C7MYD4,G8M2C4,0.3825
C7MYD4,D1AQV5,0.3815
C7MYD4,E7FWJ1,0.3804
C7MYD4,I6RY47,0.377
C7MYD4,Q1QVQ7,0.365
C7MYD4,Q2KVK2,0.36
C7MYD4,D1C3T7,0.3564
C7MYD4,L0E9L4,0.3514
C7MYD4,D1AK61,0.3492
C7MYD4,D7BP77,0.3487
C7MYD4,E3H8J3,0.3245
C7MYD4,Q87UV4,0.2632
A0A1W6WGH8,A0AAJ3IX34,0.8778
A0A1W6WGH8,G8M2C4,0.8721
A0A1W6WGH8,D6Y159,0.8667
A0A1W6WGH8,D8GN82,0.8639
A0A1W6WGH8,A0AB74VA86,0.8613
A0A1W6WGH8,A0A2S5CXQ6,0.8611
A0A1W6WGH8,E7FWJ1,0.8563
A0A1W6WGH8,F3YBU0,0.8556
A0A1W6WGH8,A0A2H6CRZ9,0.8466
A0A1W6WGH8,D1AK61,0.8409
A0A1W6WGH8,A0ABV0IAR9,0.8371
A0A1W6WGH8,Q3A9G5,0.8371
A0A1W6WGH8,E6U996,0.8371
A0A1W6WGH8,I6RY47,0.8343
A0A1W6WGH8,P30750,0.8173
A0A1W6WGH8,Q5HRU5,0.8166
A0A1W6WGH8,Q5NFU5,0.8036
A0A1W6WGH8,Q67SV5,0.802
A0A1W6WGH8,Q1QVQ7,0.8
A0A1W6WGH8,Q832Y6,0.7988
A0A1W6WGH8,E3H8J3,0.7966
A0A1W6WGH8,A0ABX5B8L5,0.7929
A0A1W6WGH8,R4K5L5,0.7882
A0A1W6WGH8,A0ABS2FXE7,0.7869
A0A1W6WGH8,D5E196,0.7798
A0A1W6WGH8,F2JMS5,0.7784
A0A1W6WGH8,D1C3T7,0.7772
A0A1W6WGH8,C7RFR4,0.7674
A0A1W6WGH8,Q9A1E3,0.7647
A0A1W6WGH8,D1AQV5,0.76
A0A1W6WGH8,B0S2Z2,0.7368
A0A1W6WGH8,D5WQP9,0.7337
A0A1W6WGH8,A0ABM9PYK4,0.7306
A0A1W6WGH8,Q2KVK2,0.6961
A0A1W6WGH8,Q1DDP4,0.6872
A0A1W6WGH8,Q03Z27,0.6867
A0A1W6WGH8,A0A833CGA5,0.6786
A0A1W6WGH8,D7AZF7,0.6564
A0A1W6WGH8,Q1WVG9,0.6527
A0A1W6WGH8,D6YBR0,0.6131
A0A1W6WGH8,Q6NJ07,0.5978
A0A1W6WGH8,F4H3C5,0.5851
A0A1W6WGH8,F8A315,0.5615
A0A1W6WGH8,L0E9L4,0.5549
A0A1W6WGH8,Q6AE21,0.5543
A0A1W6WGH8,A0A561WA08,0.5492
A0A1W6WGH8,C7QZS1,0.5217
A0A1W6WGH8,D7BP77,0.4891
A0A1W6WGH8,C3PL90,0.4699
A0A1W6WGH8,B1MCB1,0.4402
A0A1W6WGH8,A6WE76,0.4247
A0A1W6WGH8,C7MYD4,0.4076
A0A1W6WGH8,B0RHJ7,0.373
Q832Y6,R4K5L5,0.8667
Q832Y6,Q9A1E3,0.8523
A0A2S5CXQ6,F3YBU0,0.905
A0A2S5CXQ6,E6U996,0.887
A0A2S5CXQ6,D6Y159,0.8846
A0A2S5CXQ6,Q3A9G5,0.8764
A0A2S5CXQ6,E7FWJ1,0.875
A0A2S5CXQ6,G8M2C4,0.8693
A0A2S5CXQ6,A0AAJ3IX34,0.8649
A0A2S5CXQ6,D1AK61,0.8596
A0A2S5CXQ6,A0AB74VA86,0.8588
A0A2S5CXQ6,D8GN82,0.8506
A0A2S5CXQ6,I6RY47,0.8427
A0A2S5CXQ6,A0ABV0IAR9,0.8352
A0A2S5CXQ6,Q832Y6,0.8187
A0A2S5CXQ6,E3H8J3,0.8156
A0A2S5CXQ6,Q5HRU5,0.815
A0A2S5CXQ6,Q67SV5,0.81
A0A2S5CXQ6,Q1QVQ7,0.8083
A0A2S5CXQ6,P30750,0.8069
A0A2S5CXQ6,A0ABX5B8L5,0.8023
A0A2S5CXQ6,D1AQV5,0.8
A0A2S5CXQ6,R4K5L5,0.7977
A0A2S5CXQ6,C7RFR4,0.7874
A0A2S5CXQ6,F2JMS5,0.7778
A0A2S5CXQ6,A0ABS2FXE7,0.7766
A0A2S5CXQ6,Q9A1E3,0.7746
A0A2S5CXQ6,D5E196,0.7688
A0A2S5CXQ6,Q5NFU5,0.7614
A0A2S5CXQ6,B0S2Z2,0.7572
A0A2S5CXQ6,D5WQP9,0.7426
A0A2S5CXQ6,D1C3T7,0.7413
A0A2S5CXQ6,A0ABM9PYK4,0.7222
A0A2S5CXQ6,A0A833CGA5,0.6901
A0A2S5CXQ6,Q1DDP4,0.6884
A0A2S5CXQ6,Q2KVK2,0.6791
A0A2S5CXQ6,Q03Z27,0.6784
A0A2S5CXQ6,Q1WVG9,0.6453
A0A2S5CXQ6,Q6NJ07,0.6359
A0A2S5CXQ6,F4H3C5,0.631
A0A2S5CXQ6,D7AZF7,0.6256
A0A2S5CXQ6,D6YBR0,0.6078
A0A2S5CXQ6,F8A315,0.6075
A0A2S5CXQ6,Q6AE21,0.5924
A0A2S5CXQ6,C7QZS1,0.5598
A0A2S5CXQ6,A0A561WA08,0.5224
A0A2S5CXQ6,C3PL90,0.5082
A0A2S5CXQ6,B1MCB1,0.4783
A0A2S5CXQ6,A6WE76,0.4624
A0A2S5CXQ6,C7MYD4,0.4536
A0A2S5CXQ6,C5BX09,0.4462
A0A2S5CXQ6,B0RHJ7,0.4108
D7BP77,Q1DDP4,0.6176
D7BP77,Q1QVQ7,0.5652
D7BP77,Q2KVK2,0.5617
D7BP77,Q67SV5,0.5436
D7BP77,P30750,0.5354
D7BP77,G8M2C4,0.4807
D7BP77,E3H8J3,0.4667
D7BP77,F4H3C5,0.4611
D7BP77,Q6AE21,0.45
D6YBR0,D7AZF7,0.881
D6YBR0,Q1DDP4,0.8295
D6YBR0,Q67SV5,0.74
D6YBR0,Q1QVQ7,0.7179
D6YBR0,P30750,0.7122
D6YBR0,Q2KVK2,0.6949
D6YBR0,D7BP77,0.6481
D6YBR0,I6RY47,0.6354
D6YBR0,L0E9L4,0.6173
D6YBR0,Q3A9G5,0.608
D6YBR0,E6U996,0.608
D6YBR0,E7FWJ1,0.6041
D6YBR0,F3YBU0,0.6029
D6YBR0,G8M2C4,0.5909
D6YBR0,Q9A1E3,0.5838
D6YBR0,F8A315,0.5746
D6YBR0,D8GN82,0.5714
D6YBR0,Q832Y6,0.5714
D6YBR0,E3H8J3,0.5707
D6YBR0,F4H3C5,0.5561
D6YBR0,F2JMS5,0.5508
D6YBR0,Q5NFU5,0.5497
D6YBR0,Q6AE21,0.5414
D6YBR0,R4K5L5,0.5309
D6YBR0,Q6NJ07,0.5266
L0E9L4,Q1DDP4,0.6265
L0E9L4,Q2KVK2,0.5897
L0E9L4,Q1QVQ7,0.581
L0E9L4,Q9A1E3,0.5752
L0E9L4,Q67SV5,0.5497
L0E9L4,P30750,0.5412
L0E9L4,Q3A9G5,0.5056
B0S2Z2,D1AQV5,0.8224
B0S2Z2,F2JMS5,0.8095
B0S2Z2,Q5HRU5,0.8039
B0S2Z2,D5E196,0.7987
B0S2Z2,R4K5L5,0.7961
B0S2Z2,Q3A9G5,0.7939
B0S2Z2,D8GN82,0.7862
B0S2Z2,C7RFR4,0.7843
B0S2Z2,E7FWJ1,0.7805
B0S2Z2,D1AK61,0.7758
B0S2Z2,Q832Y6,0.7727
B0S2Z2,E3H8J3,0.7716
B0S2Z2,G8M2C4,0.7636
B0S2Z2,E6U996,0.7619
B0S2Z2,I6RY47,0.7576
B0S2Z2,D6Y159,0.7529
B0S2Z2,F3YBU0,0.7514
B0S2Z2,Q5NFU5,0.7436
B0S2Z2,Q9A1E3,0.7355
B0S2Z2,Q03Z27,0.7292
B0S2Z2,Q1QVQ7,0.672
B0S2Z2,P30750,0.6599
B0S2Z2,Q67SV5,0.6531
B0S2Z2,D1C3T7,0.6335
B0S2Z2,Q6NJ07,0.6135
B0S2Z2,F4H3C5,0.5706
B0S2Z2,F8A315,0.5629
B0S2Z2,Q1DDP4,0.5602
B0S2Z2,Q6AE21,0.5361
B0S2Z2,B1MCB1,0.4268
B0S2Z2,C7MYD4,0.3988
Q67SV5,Q832Y6,0.6888
Q67SV5,R4K5L5,0.6888
Q67SV5,Q9A1E3,0.6684
Q67SV5,Q6NJ07,0.5507
Q67SV5,Q6AE21,0.5343
D7AZF7,Q1DDP4,0.8202
D7AZF7,Q67SV5,0.75
D7AZF7,P30750,0.7304
D7AZF7,Q1QVQ7,0.7282
D7AZF7,Q2KVK2,0.7257
D7AZF7,I6RY47,0.6632
D7AZF7,D7BP77,0.6605
D7AZF7,Q3A9G5,0.6345
D7AZF7,E6U996,0.6345
D7AZF7,E7FWJ1,0.6224
D7AZF7,G8M2C4,0.6173
D7AZF7,Q9A1E3,0.612
D7AZF7,L0E9L4,0.6098
D7AZF7,F4H3C5,0.6011
D7AZF7,Q832Y6,0.5989
D7AZF7,D8GN82,0.5979
D7AZF7,E3H8J3,0.5888
D7AZF7,F2JMS5,0.587
D7AZF7,Q5NFU5,0.5851
D7AZF7,F8A315,0.5769
D7AZF7,Q03Z27,0.5714
D7AZF7,R4K5L5,0.5654
D7AZF7,Q6NJ07,0.5622
D7AZF7,Q6AE21,0.5611
D7AZF7,Q1WVG9,0.5486
Q6AE21,Q6NJ07,0.75
Q6AE21,R4K5L5,0.5057
A0ABV0IAR9,Q3A9G5,0.8523
A0ABV0IAR9,D8GN82,0.8471
A0ABV0IAR9,Q5HRU5,0.8323
A0ABV0IAR9,E6U996,0.8315
A0ABV0IAR9,D6Y159,0.8306
A0ABV0IAR9,F3YBU0,0.8297
A0ABV0IAR9,D1AQV5,0.8166
A0ABV0IAR9,R4K5L5,0.8144
A0ABV0IAR9,G8M2C4,0.8136
A0ABV0IAR9,E7FWJ1,0.809
A0ABV0IAR9,A0ABX5B8L5,0.8084
A0ABV0IAR9,F2JMS5,0.8049
A0ABV0IAR9,D1AK61,0.7944
A0ABV0IAR9,B0S2Z2,0.7939
A0ABV0IAR9,C7RFR4,0.7824
A0ABV0IAR9,I6RY47,0.7778
A0ABV0IAR9,Q5NFU5,0.7765
A0ABV0IAR9,D5E196,0.7738
A0ABV0IAR9,E3H8J3,0.7709
A0ABV0IAR9,Q832Y6,0.7616
A0ABV0IAR9,P30750,0.7415
A0ABV0IAR9,Q67SV5,0.7268
A0ABV0IAR9,Q9A1E3,0.7184
A0ABV0IAR9,Q1QVQ7,0.7136
A0ABV0IAR9,Q03Z27,0.6909
A0ABV0IAR9,D1C3T7,0.6847
A0ABV0IAR9,Q6NJ07,0.6743
A0ABV0IAR9,F4H3C5,0.6409
A0ABV0IAR9,Q1WVG9,0.6272
A0ABV0IAR9,F8A315,0.6167
A0ABV0IAR9,Q6AE21,0.6011
A0ABV0IAR9,Q1DDP4,0.6
A0ABV0IAR9,D7AZF7,0.5862
A0ABV0IAR9,C7QZS1,0.5852
A0ABV0IAR9,D6YBR0,0.5385
A0ABV0IAR9,C3PL90,0.5314
A0ABV0IAR9,D5UYG6,0.4973
A0ABV0IAR9,A6WE76,0.4831
A0ABV0IAR9,B1MCB1,0.4831
A0ABV0IAR9,C7MYD4,0.4659
A0ABV0IAR9,B0RHJ7,0.4375
C7QZS1,Q6NJ07,0.7698
C7QZS1,F8A315,0.7554
C7QZS1,F4H3C5,0.7483
C7QZS1,Q6AE21,0.7122
C7QZS1,D5UYG6,0.6763
C7QZS1,E6U996,0.5852
C7QZS1,Q5HRU5,0.5602
C7QZS1,D7AZF7,0.5449
C7QZS1,Q3A9G5,0.5414
C7QZS1,Q1DDP4,0.5272
C7QZS1,D6Y159,0.5238
C7QZS1,F3YBU0,0.5132
C7QZS1,D6YBR0,0.5083
C7QZS1,Q67SV5,0.5049
C7QZS1,I6RY47,0.4918
C7QZS1,G8M2C4,0.4891
C7QZS1,Q832Y6,0.4884
C7QZS1,D1C3T7,0.475
I6RY47,Q832Y6,0.8679
I6RY47,R4K5L5,0.8333
I6RY47,Q9A1E3,0.8313
I6RY47,Q3A9G5,0.8079
I6RY47,Q1QVQ7,0.8011
I6RY47,Q5NFU5,0.7831
I6RY47,P30750,0.7817
I6RY47,Q5HRU5,0.7647
I6RY47,Q67SV5,0.7576
I6RY47,Q03Z27,0.7278
I6RY47,Q1WVG9,0.7025
I6RY47,Q1DDP4,0.6684
I6RY47,Q6NJ07,0.5683
I6RY47,Q6AE21,0.5163
D1AK61,E3H8J3,0.903
D1AK61,F3YBU0,0.8857
D1AK61,E7FWJ1,0.8765
D1AK61,G8M2C4,0.8706
D1AK61,D6Y159,0.8547
D1AK61,Q832Y6,0.8519
D1AK61,R4K5L5,0.8519
D1AK61,D8GN82,0.8512
D1AK61,Q3A9G5,0.8457
D1AK61,I6RY47,0.843
D1AK61,D5E196,0.8323
D1AK61,Q5NFU5,0.8232
D1AK61,Q9A1E3,0.816
D1AK61,E6U996,0.8146
D1AK61,D1AQV5,0.7988
D1AK61,Q1QVQ7,0.7884
D1AK61,P30750,0.7879
D1AK61,F2JMS5,0.7866
D1AK61,Q67SV5,0.755
D1AK61,Q5HRU5,0.7514
D1AK61,D5WQP9,0.7222
D1AK61,D1C3T7,0.7208
D1AK61,Q03Z27,0.7037
D1AK61,Q2KVK2,0.6833
D1AK61,Q1WVG9,0.6687
D1AK61,Q1DDP4,0.6332
D1AK61,D7AZF7,0.5792
D1AK61,D6YBR0,0.5693
D1AK61,F4H3C5,0.5312
D1AK61,L0E9L4,0.5143
D1AK61,F8A315,0.5079
D1AK61,Q6AE21,0.4842
A0AAJ3IX34,A0ABV0IAR9,0.8933
A0AAJ3IX34,G8M2C4,0.8757
A0AAJ3IX34,A0AB74VA86,0.8757
A0AAJ3IX34,Q3A9G5,0.8722
A0AAJ3IX34,E6U996,0.8722
A0AAJ3IX34,D6Y159,0.8703
A0AAJ3IX34,F3YBU0,0.8595
A0AAJ3IX34,D8GN82,0.8466
A0AAJ3IX34,D1AK61,0.8251
A0AAJ3IX34,E7FWJ1,0.8197
A0AAJ3IX34,P30750,0.8039
A0AAJ3IX34,Q5HRU5,0.8011
A0AAJ3IX34,I6RY47,0.7989
A0AAJ3IX34,Q67SV5,0.7892
A0AAJ3IX34,A0ABX5B8L5,0.7784
A0AAJ3IX34,Q832Y6,0.774
A0AAJ3IX34,R4K5L5,0.774
A0AAJ3IX34,E3H8J3,0.773
A0AAJ3IX34,Q1QVQ7,0.7688
A0AAJ3IX34,D1AQV5,0.7667
A0AAJ3IX34,F2JMS5,0.7644
A0AAJ3IX34,Q5NFU5,0.7584
A0AAJ3IX34,D5E196,0.7557
A0AAJ3IX34,C7RFR4,0.7542
A0AAJ3IX34,A0ABS2FXE7,0.7461
A0AAJ3IX34,B0S2Z2,0.7443
A0AAJ3IX34,Q9A1E3,0.7416
A0AAJ3IX34,D1C3T7,0.7304
A0AAJ3IX34,D5WQP9,0.7067
A0AAJ3IX34,A0ABM9PYK4,0.6946
A0AAJ3IX34,Q1DDP4,0.6618
A0AAJ3IX34,Q2KVK2,0.6597
A0AAJ3IX34,Q03Z27,0.6571
A0AAJ3IX34,Q6NJ07,0.6344
A0AAJ3IX34,F4H3C5,0.6296
A0AAJ3IX34,D7AZF7,0.6087
A0AAJ3IX34,Q1WVG9,0.6067
A0AAJ3IX34,F8A315,0.5979
A0AAJ3IX34,Q6AE21,0.5914
A0AAJ3IX34,D6YBR0,0.5762
A0AAJ3IX34,C7QZS1,0.5591
A0AAJ3IX34,C3PL90,0.5081
A0AAJ3IX34,D5UYG6,0.5
A0AAJ3IX34,L0E9L4,0.492
A0AAJ3IX34,B1MCB1,0.4785
A0AAJ3IX34,A6WE76,0.4628
A0AAJ3IX34,C7MYD4,0.4541
A0AAJ3IX34,D7BP77,0.4416
A0AAJ3IX34,B0RHJ7,0.4194
E6U996,Q3A9G5,0.8523
E6U996,F3YBU0,0.8398
E6U996,E7FWJ1,0.8295
E6U996,G8M2C4,0.8239
E6U996,Q5HRU5,0.8214
E6U996,I6RY47,0.8182
E6U996,Q67SV5,0.797
E6U996,P30750,0.794
E6U996,Q832Y6,0.7929
E6U996,Q9A1E3,0.7904
E6U996,Q1QVQ7,0.7853
E6U996,F2JMS5,0.7831
E6U996,R4K5L5,0.7824
E6U996,Q5NFU5,0.7257
E6U996,Q03Z27,0.6909
E6U996,Q1DDP4,0.6907
E6U996,Q6NJ07,0.6648
E6U996,F4H3C5,0.65
E6U996,Q1WVG9,0.6467
E6U996,F8A315,0.6257
E6U996,Q6AE21,0.6193
E6U996,L0E9L4,0.5227
A6WE76,F8A315,0.7752
A6WE76,F4H3C5,0.7153
A6WE76,B1MCB1,0.7119
A6WE76,Q6NJ07,0.7111
A6WE76,C7QZS1,0.6953
A6WE76,C3PL90,0.6885
A6WE76,Q6AE21,0.6767
A6WE76,C5BX09,0.6723
A6WE76,D5UYG6,0.6641
A6WE76,B0RHJ7,0.6609
A6WE76,C7MYD4,0.6333
A6WE76,A9HPJ7,0.4839
A6WE76,E6U996,0.4749
A6WE76,D6YBR0,0.4659
A6WE76,Q1DDP4,0.4615
A6WE76,D7AZF7,0.4607
A6WE76,Q5HRU5,0.4524
A6WE76,Q3A9G5,0.4505
A6WE76,Q2KVK2,0.4438
A6WE76,Q03Z27,0.4371
A6WE76,D6Y159,0.4368
A6WE76,D5WQP9,0.4315
A6WE76,Q67SV5,0.4314
A6WE76,F2JMS5,0.4268
A6WE76,F3YBU0,0.4263
A6WE76,L0E9L4,0.4207
A6WE76,Q9A1E3,0.4192
A6WE76,P30750,0.4115
A6WE76,D1C3T7,0.407
A6WE76,I6RY47,0.4022
A6WE76,D1AQV5,0.4
A6WE76,D8GN82,0.4
A6WE76,E7FWJ1,0.3978
A6WE76,D7BP77,0.3974
A6WE76,Q1QVQ7,0.395
A6WE76,G8M2C4,0.3925
Q5NFU5,Q832Y6,0.8355
Q5NFU5,Q9A1E3,0.7516
Q5NFU5,Q67SV5,0.701
A0A2H6CRZ9,I6RY47,0.8929
A0A2H6CRZ9,G8M2C4,0.8765
A0A2H6CRZ9,E7FWJ1,0.8713
A0A2H6CRZ9,D6Y159,0.8708
A0A2H6CRZ9,F3YBU0,0.8701
A0A2H6CRZ9,D1AK61,0.8663
A0A2H6CRZ9,D8GN82,0.8571
A0A2H6CRZ9,A0A2S5CXQ6,0.8547
A0A2H6CRZ9,Q3A9G5,0.8514
A0A2H6CRZ9,C7RFR4,0.8466
A0A2H6CRZ9,A0AB74VA86,0.8439
A0A2H6CRZ9,E3H8J3,0.8421
A0A2H6CRZ9,Q832Y6,0.8354
A0A2H6CRZ9,Q9A1E3,0.8333
A0A2H6CRZ9,A0ABX5B8L5,0.8293
A0A2H6CRZ9,R4K5L5,0.8242
A0A2H6CRZ9,Q1QVQ7,0.8226
A0A2H6CRZ9,A0AAJ3IX34,0.8207
A0A2H6CRZ9,E6U996,0.8202
A0A2H6CRZ9,Q5NFU5,0.8182
A0A2H6CRZ9,D1AQV5,0.8155
A0A2H6CRZ9,F2JMS5,0.8148
A0A2H6CRZ9,P30750,0.802
A0A2H6CRZ9,A0ABV0IAR9,0.7901
A0A2H6CRZ9,A0ABS2FXE7,0.7901
A0A2H6CRZ9,Q67SV5,0.7868
A0A2H6CRZ9,Q5HRU5,0.7778
A0A2H6CRZ9,D5E196,0.7725
A0A2H6CRZ9,D1C3T7,0.7526
A0A2H6CRZ9,B0S2Z2,0.75
A0A2H6CRZ9,A0ABM9PYK4,0.7421
A0A2H6CRZ9,A0A833CGA5,0.7329
A0A2H6CRZ9,D5WQP9,0.7186
A0A2H6CRZ9,Q03Z27,0.7099
A0A2H6CRZ9,Q2KVK2,0.7079
A0A2H6CRZ9,Q1WVG9,0.6852
A0A2H6CRZ9,Q1DDP4,0.6804
A0A2H6CRZ9,D7AZF7,0.641
A0A2H6CRZ9,D6YBR0,0.6308
A0A2H6CRZ9,A0A561WA08,0.5661
A0A2H6CRZ9,L0E9L4,0.5647
A0A2H6CRZ9,F4H3C5,0.5526
A0A2H6CRZ9,Q6NJ07,0.5479
A0A2H6CRZ9,F8A315,0.5372
A0A2H6CRZ9,C7QZS1,0.4813
A0A2H6CRZ9,A6WE76,0.3936
A0A2H6CRZ9,C7MYD4,0.369
A0A561WA08,D7AZF7,0.8148
A0A561WA08,D6YBR0,0.8137
A0A561WA08,Q1DDP4,0.7544
A0A561WA08,D1C3T7,0.7253
A0A561WA08,A0ABM9PYK4,0.7232
A0A561WA08,D5WQP9,0.6989
A0A561WA08,D7BP77,0.6667
A0A561WA08,Q1QVQ7,0.6649
A0A561WA08,A0ABS2FXE7,0.6648
A0A561WA08,Q2KVK2,0.6647
A0A561WA08,Q67SV5,0.6548
A0A561WA08,P30750,0.6368
A0A561WA08,L0E9L4,0.6327
A0A561WA08,Q9A1E3,0.5756
A0A561WA08,I6RY47,0.5699
A0A561WA08,Q5NFU5,0.548
A0A561WA08,Q832Y6,0.5449
A0A561WA08,D6Y159,0.5427
A0A561WA08,Q03Z27,0.5399
A0A561WA08,Q3A9G5,0.5361
A0A561WA08,A9HPJ7,0.5352
A0A561WA08,Q1WVG9,0.5342
A0A561WA08,G8M2C4,0.534
A0A561WA08,E3H8J3,0.5291
A0A561WA08,D1AK61,0.5206
A0A561WA08,F3YBU0,0.5174
A0A561WA08,D5E196,0.5169
A0A561WA08,C7RFR4,0.511
A0A561WA08,A0AAJ3IX34,0.5073
A0A561WA08,A0A833CGA5,0.4882
A0A561WA08,F4H3C5,0.4862
A0A561WA08,F8A315,0.4859
A0A561WA08,D5UYG6,0.4318
A0A561WA08,A6WE76,0.4303
A0A561WA08,C5BX09,0.4121
A0A561WA08,B1MCB1,0.3642
Q1DDP4,Q67SV5,0.8256
Q1DDP4,Q1QVQ7,0.7772
Q1DDP4,Q2KVK2,0.7401
Q1DDP4,Q3A9G5,0.6735
Q1DDP4,Q9A1E3,0.627
Q1DDP4,Q832Y6,0.6053
Q1DDP4,Q5NFU5,0.5916
Q1DDP4,R4K5L5,0.5803
Q1DDP4,Q6NJ07,0.5608
Q1DDP4,Q6AE21,0.5514
F4H3C5,F8A315,0.8582
F4H3C5,Q6NJ07,0.8333
F4H3C5,Q6AE21,0.7534
F4H3C5,Q5HRU5,0.6105
F4H3C5,Q1DDP4,0.5989
F4H3C5,Q3A9G5,0.5968
F4H3C5,Q67SV5,0.5931
F4H3C5,Q9A1E3,0.5882
F4H3C5,Q03Z27,0.5723
F4H3C5,P30750,0.5694
F4H3C5,Q2KVK2,0.565
F4H3C5,I6RY47,0.5561
F4H3C5,Q1QVQ7,0.5522
F4H3C5,Q87UV4,0.3071
D5UYG6,F4H3C5,0.731
D5UYG6,F8A315,0.7014
D5UYG6,Q6NJ07,0.6803
D5UYG6,Q6AE21,0.6483
D5UYG6,D7AZF7,0.5082
D5UYG6,Q1DDP4,0.5
D5UYG6,D5WQP9,0.4975
D5UYG6,Q67SV5,0.4951
D5UYG6,D6YBR0,0.4891
D5UYG6,P30750,0.488
D5UYG6,D6Y159,0.4821
D5UYG6,Q3A9G5,0.4737
D5UYG6,F3YBU0,0.4643
D5UYG6,I6RY47,0.4421
D5UYG6,D8GN82,0.4409
D5UYG6,F2JMS5,0.4368
D5UYG6,Q87UV4,0.2969
A0ABS2FXE7,Q1QVQ7,0.8634
A0ABS2FXE7,Q67SV5,0.8247
A0ABS2FXE7,P30750,0.8122
A0ABS2FXE7,D1C3T7,0.8
A0ABS2FXE7,E7FWJ1,0.7889
A0ABS2FXE7,I6RY47,0.7877
A0ABS2FXE7,D1AK61,0.7845
A0ABS2FXE7,G8M2C4,0.7833
A0ABS2FXE7,D5WQP9,0.7824
A0ABS2FXE7,D8GN82,0.774
A0ABS2FXE7,F3YBU0,0.7713
A0ABS2FXE7,D6Y159,0.7632
A0ABS2FXE7,E3H8J3,0.7611
A0ABS2FXE7,Q3A9G5,0.7527
A0ABS2FXE7,A0ABX5B8L5,0.7457
A0ABS2FXE7,Q1DDP4,0.7447
A0ABS2FXE7,E6U996,0.7433
A0ABS2FXE7,Q5NFU5,0.7257
A0ABS2FXE7,D7AZF7,0.7219
A0ABS2FXE7,Q832Y6,0.7216
A0ABS2FXE7,C7RFR4,0.7216
A0ABS2FXE7,R4K5L5,0.7216
A0ABS2FXE7,F2JMS5,0.7209
A0ABS2FXE7,Q2KVK2,0.7191
A0ABS2FXE7,Q9A1E3,0.7184
A0ABS2FXE7,D6YBR0,0.7112
A0ABS2FXE7,A0ABV0IAR9,0.7068
A0ABS2FXE7,B0S2Z2,0.6818
A0ABS2FXE7,Q1WVG9,0.6082
A0ABS2FXE7,L0E9L4,0.6048
A0ABS2FXE7,D7BP77,0.578
A0ABS2FXE7,F4H3C5,0.5714
A0ABS2FXE7,F8A315,0.5316
A0ABS2FXE7,Q6AE21,0.516
A0ABS2FXE7,A9HPJ7,0.4386
A0ABS2FXE7,A6WE76,0.4118
A0ABS2FXE7,B1MCB1,0.3968
A0ABS2FXE7,C7MYD4,0.3651
A0ABS2FXE7,B0RHJ7,0.3316
A0ABX5B8L5,F2JMS5,0.8889
A0ABX5B8L5,R4K5L5,0.8851
A0ABX5B8L5,Q832Y6,0.8725
A0ABX5B8L5,C7RFR4,0.86
A0ABX5B8L5,D8GN82,0.859
A0ABX5B8L5,E7FWJ1,0.8509
A0ABX5B8L5,D1AK61,0.8457
A0ABX5B8L5,I6RY47,0.8385
A0ABX5B8L5,D1AQV5,0.8377
A0ABX5B8L5,G8M2C4,0.8221
A0ABX5B8L5,F3YBU0,0.8176
A0ABX5B8L5,Q5NFU5,0.817
A0ABX5B8L5,D5E196,0.8146
A0ABX5B8L5,B0S2Z2,0.8133
A0ABX5B8L5,Q9A1E3,0.8092
A0ABX5B8L5,E3H8J3,0.8086
A0ABX5B8L5,Q3A9G5,0.8084
A0ABX5B8L5,Q5HRU5,0.8077
A0ABX5B8L5,D6Y159,0.7977
A0ABX5B8L5,E6U996,0.787
A0ABX5B8L5,Q03Z27,0.7832
A0ABX5B8L5,Q1QVQ7,0.7228
A0ABX5B8L5,Q1WVG9,0.7192
A0ABX5B8L5,P30750,0.699
A0ABX5B8L5,D1C3T7,0.6915
A0ABX5B8L5,Q67SV5,0.6837
A0ABX5B8L5,Q2KVK2,0.6786
A0ABX5B8L5,D5WQP9,0.6667
A0ABX5B8L5,D7AZF7,0.5936
A0ABX5B8L5,Q1DDP4,0.5916
A0ABX5B8L5,Q6NJ07,0.5731
A0ABX5B8L5,F4H3C5,0.56
A0ABX5B8L5,D6YBR0,0.5579
A0ABX5B8L5,F8A315,0.5345
A0ABX5B8L5,A6WE76,0.3953
A0ABX5B8L5,C7MYD4,0.3765
Q6NJ07,Q9A1E3,0.574
Q6NJ07,Q832Y6,0.5607
Q6NJ07,R4K5L5,0.5517
Q3A9G5,R4K5L5,0.8253
Q3A9G5,Q5HRU5,0.8214
Q3A9G5,Q832Y6,0.8144
Q3A9G5,Q5NFU5,0.7976
Q3A9G5,Q67SV5,0.7879
Q3A9G5,Q9A1E3,0.7692
Q3A9G5,Q6NJ07,0.6188
Q3A9G5,Q6AE21,0.5659
Q3A9G5,Q87UV4,0.2771
